Anzeige-Name der Einheit,Ort,Bruttoleistung der Einheit,Alter (Jahre)
Eliasbrunn M1500,Remptendorf,600.0,33.0
Windrad Langenhain,Waltershausen,,14.0
Windkraft Linda,Linda,5.0,30.0
AN Bonus 600 Nitzschka,Schmölln,600.0,30.0
Windkraftanlage,Sömmerda,,12.0
WKA 2200,Schwarzatal,600.0,30.0
WKA Stobra,Bad Sulza,500.0,31.0
Windkraftanlagen,Unstruttal,,13.0
Windkraft Mühlhäuser Straße 1b,Rodeberg,15.0,13.0
Windrad KWEA FD6.0-5KW,Neustadt,5.0,11.0
Windrad,Rodeberg,,14.0
WINA.G,Werra-Suhl-Tal,500.0,29.0
WH 07,Nessetal,1500.0,27.0
WH 02,Nessetal,1500.0,27.0
TL 01,Kirchheilingen,2000.0,21.0
ADIB,Bad Langensalza,1500.0,25.0
NK01,Eisenach,1300.0,26.0
NK07,Eisenach,1300.0,26.0
NK09,Eisenach,1500.0,24.0
Fu 01 Her,Hermsdorf,98.0,30.0
Windmühle 1,Göpfersdorf,600.0,29.0
Sünna V44 -nr.2558,Unterbreizbach,600.0,28.0
Windmühle WKA,Göpfersdorf,600.0,29.0
Sünna V44 -nr.2559,Sünna,600.0,28.0
Sünna V44 -nr.2560,Sünna,600.0,28.0
Sünna V47 -nr.1626,Sünna,660.0,26.0
Sünna V47 -nr.1627,Sünna,660.0,26.0
AU01,Auma-Weidatal,500.0,31.0
GL02,Gangloffsömmern,1500.0,24.0
KH05,Kirchheilingen,1300.0,27.0
KH12,Kirchheilingen,1500.0,26.0
Windkraft in Bürgerhand,Auma-Weidatal,500.0,29.0
NK-B-3-F,Eisenach,500.0,28.0
NK-B-4-F,Eisenach,500.0,28.0
NK-B-5-F,Eisenach,500.0,28.0
NK-B-6-F,Eisenach,500.0,28.0
NK-B-2-F,Eisenach,500.0,28.0
AU 02,Auma-Weidatal,500.0,31.0
WKA Hartha,Schmölln,600.0,30.0
HR01,Eisenach,600.0,26.0
HR03,Eisenach,600.0,24.0
AU 04,Auma-Weidatal,1500.0,28.0
NK-B-1-F,Eisenach,500.0,28.0
E53 531489,Bad Sulza,800.0,13.0
E82 825366,Bad Sulza,2300.0,13.0
E82 825365,Bad Sulza,2300.0,13.0
E82 825817,Bad Sulza,2300.0,12.0
E82 825815,Bad Sulza,2300.0,12.0
E82 825816,Bad Sulza,2300.0,12.0
ADM03,Schloßvippach,2000.0,20.0
ADM04,Schloßvippach,2000.0,20.0
ADM11,Schloßvippach,2000.0,20.0
ADM09,Schloßvippach,2000.0,20.0
ADM10,Schloßvippach,2000.0,20.0
ADM12,Schloßvippach,2000.0,20.0
ADM05,Schloßvippach,2000.0,19.0
ADM06,Schloßvippach,2000.0,19.0
ADM07,Schloßvippach,2000.0,19.0
ADM08,Schloßvippach,2000.0,19.0
V67565 (WEA 11),Frauenprießnitz,900.0,24.0
NK-B-15-F,Eisenach,2000.0,22.0
NK-B-16-F,Eisenach,2000.0,22.0
NK-B-27-F,Eisenach,2000.0,22.0
Windrad Mehna Rittergut Schwanditz,Mehna,250.0,33.0
ABR909161316220,Schloßvippach,1500.0,27.0
ABR909161316220,Schloßvippach,1500.0,27.0
WEA Meuselwitz Guss,Lucka,600.0,22.0
Oettersdorf,Oettersdorf,600.0,28.0
TG 07,Hörselberg-Hainich,2000.0,11.0
Windkraftanlage Rodeberg E44/1,Rodeberg,600.0,24.0
kleine WEA,Rodeberg,600.0,24.0
Wiese hinter Haus,Auma-Weidatal,12.0,11.0
Windkraftanlage Rodeberg E44 /2,Rodeberg,600.0,24.0
Windkraftanlage Rodeberg E66,Rodeberg,1800.0,23.0
Micon Diedorf,Diedorf,600.0,31.0
Windkraftanlage Eigenrieden E-40 L,Rodeberg,500.0,28.0
Windkraftanlage Eigenrieden E-40 S,Rodeberg,500.0,28.0
große WEA,Rodeberg,1800.0,23.0
WKA1 SAHRAH (KE 16),Greußen,750.0,27.0
TW600,Breitungen,600.0,31.0
WKA2 MIRKY (KE 15),Greußen,750.0,27.0
WKA3 CINDY (KE 14),Greußen,750.0,27.0
WKA4 MARCO (KE 13),Greußen,750.0,27.0
WKA5 LUKE (KE 12),Greußen,750.0,27.0
WKA11 MICELE (KE 11),Greußen,750.0,27.0
KL 01,Kutzleben,2000.0,20.0
KL 03,Kutzleben,2000.0,20.0
KL 04,Kutzleben,2000.0,20.0
KL 05,Kutzleben,2000.0,20.0
BS12,Nessetal,3075.0,14.0
BS14,Nessetal,3075.0,14.0
WN07,Nessetal,3075.0,14.0
WN08,Nessetal,3075.0,14.0
53474,Erfurt,800.0,19.0
531507,Erfurt,800.0,13.0
Wind Hörningen I,Nordhausen,1000.0,25.0
Wind Hörningen II,Nordhausen,1000.0,25.0
23781,Eschenbergen,2000.0,20.0
23782,Eschenbergen,2000.0,20.0
23788,Eschenbergen,2000.0,20.0
23786,Eschenbergen,2000.0,20.0
23783,Eschenbergen,2000.0,20.0
Frauenprießnitz WEA 7,Frauenprießnitz,1000.0,24.0
V67564 (WEA 9),Frauenprießnitz,900.0,24.0
HR02,Eisenach,800.0,21.0
WEA Lindau,Heideland,1500.0,23.0
NK-B-28,Eisenach,1200.0,20.0
NK-B-30 (Vensys 77 0023),Eisenach,1500.0,17.0
NK-B-29 (Vensys 77 0024),Eisenach,1500.0,17.0
Windrad Korbußen,Korbußen,600.0,27.0
V65478 Forstwolfersdorf,Harth-Pöllnitz,1000.0,26.0
V65470 Forstwolfersdorf,Harth-Pöllnitz,1000.0,26.0
Flur 1,Werra-Suhl-Tal,500.0,27.0
Flur 2,Werra-Suhl-Tal,600.0,24.0
V204991 (KH 53),Kirchheilingen,3075.0,12.0
V202433 (KH 50),Kirchheilingen,3075.0,12.0
823759 (HH 23),Nessetal,2000.0,14.0
V44 Goepfersdorf,Göpfersdorf,600.0,29.0
Windkraft Anlage,Remptendorf,,12.0
WKA1,Oettersdorf,600.0,29.0
WKA2,Oettersdorf,900.0,24.0
WP Tüttleben WKA 3,Tüttleben,1050.0,27.0
WEA GV 01 -35168,Großvargula,2000.0,17.0
WEA GV 01 -35169,Großvargula,2000.0,17.0
Wind 2,Schmieritz,200.0,29.0
V67563 (WEA 12),Frauenprießnitz,900.0,24.0
Dorndorf 2,Krayenberggemeinde,750.0,26.0
Dorndorf 3,Krayenberggemeinde,750.0,26.0
Dorndorf 4,Krayenberggemeinde,750.0,26.0
WKA Pfersdorf,Hildburghausen,500.0,27.0
Dorndorf 5,Krayenberggemeinde,750.0,26.0
WEA 47364,Bad Sulza,2000.0,14.0
WEA 47365,Bad Sulza,2000.0,14.0
WEA 47366,Bad Sulza,2000.0,14.0
WEA 47367,Bad Sulza,2000.0,14.0
WEA 47371,Eckolstädt,2000.0,14.0
WEA 47370,Eckolstädt,2000.0,14.0
WEA 47372,Eckolstädt,2000.0,14.0
WEA 47373,Bad Sulza,2000.0,14.0
WEA 47374,Bad Sulza,2000.0,14.0
WEA 47375,Eckolstädt,2000.0,14.0
WEA 47876,Bad Sulza,2000.0,14.0
WEA 47369,Bad Sulza,2000.0,14.0
WEA 47368,Eckolstädt,2000.0,14.0
V67566 (WEA 8),Frauenprießnitz,900.0,24.0
Windkraftanlage Lumpzig,Schmölln,600.0,31.0
Dorndorf 1,Krayenberggemeinde,750.0,26.0
Windkraftanlage Hartha,Schmölln,600.0,30.0
WEA-Nr. 44186 Hüpstedt,Dünwald,600.0,26.0
WEA-Nr. 44187 Rodeberg,Rodeberg,600.0,26.0
WEA-Nr. 44188 Rodeberg,Rodeberg,600.0,26.0
WKA Förtha,Gerstungen,600.0,27.0
DW 50230-06,Helbedündorf,600.0,24.0
DW 20231-07,Helbedündorf,600.0,24.0
WKA Mielesdorf,Tanna,500.0,28.0
Freifläche,Floh-Seligenthal,1.0,13.0
WKA 1,Tanna,500.0,28.0
WEA 183 OR Drei Bröckau,Bethenhausen,2050.0,14.0
Steinsdorf,Leutenberg,600.0,31.0
Windkraftanlage Korbußen,Korbußen,600.0,27.0
Windenergieanlage,Magdala,10.0,21.0
E70 782680,Bucha,2300.0,17.0
Wind,Schmieritz,132.0,30.0
Windpark Meilitz M700,Kospoda,225.0,31.0
Windpark Meilitz V44,Kospoda,600.0,30.0
WKA Remptendorf,Remptendorf,600.0,27.0
NK 10,Eisenach,1500.0,23.0
BG 01,Kirchheilingen,1500.0,23.0
GL 04,Gangloffsömmern,2000.0,19.0
V 26080,Sömmerda,2000.0,20.0
V 26079,Sömmerda,2000.0,20.0
V 26081,Sömmerda,2000.0,20.0
V 26078,Sömmerda,2000.0,20.0
V 26077,Sömmerda,2000.0,20.0
V 31431,Vogelsberg,2000.0,17.0
V 31430,Vogelsberg,2000.0,17.0
V 31429,Vogelsberg,2000.0,17.0
mdp Eckolstädt - 1,Schmiedehausen,2300.0,14.0
mdp Eckolstädt - 2,Schmiedehausen,2300.0,14.0
S 70270-01,Gera,1500.0,23.0
S 70271-04,Gera,1500.0,23.0
S 70272-03,Gera,1500.0,23.0
S 70273-02,Gera,1500.0,23.0
WEA 2 (824328),Starkenberg,2300.0,14.0
WEA 1 (824329),Starkenberg,2300.0,14.0
23779,Nessetal,2000.0,20.0
HH10 - 23780,Nessetal,2000.0,20.0
23784,Nessetal,2000.0,20.0
HH08,Nessetal,2000.0,20.0
23789,Nessetal,2000.0,20.0
38734,Nessetal,2000.0,20.0
33003 (WEA 01),Krayenberggemeinde,2000.0,17.0
33001 (WEA 02),Krayenberggemeinde,2000.0,17.0
33002 (WEA 03),Krayenberggemeinde,2000.0,17.0
WEA 28805-8,Wundersleben,2000.0,19.0
WEA 28804-9,Wundersleben,2000.0,19.0
WEA 28803-10,Wundersleben,2000.0,19.0
WKA95,Saalburg-Ebersdorf,500.0,31.0
19596,Erfurt,850.0,22.0
19597,Erfurt,850.0,22.0
19598,Erfurt,850.0,22.0
19599,Erfurt,850.0,22.0
19600,Erfurt,850.0,22.0
19601,Erfurt,850.0,22.0
19602,Erfurt,850.0,22.0
19603,Erfurt,850.0,22.0
19604,Erfurt,850.0,22.0
19605,Erfurt,850.0,22.0
19606,Erfurt,850.0,22.0
GE1550077,Auma-Weidatal,1500.0,27.0
18499,Gangloffsömmern,2000.0,22.0
WW,Bad Sulza,500.0,30.0
19593,Erfurt,850.0,22.0
WRM3,Bad Sulza,500.0,30.0
WRM5,Wormstedt,500.0,30.0
19594,Erfurt,850.0,22.0
19595,Erfurt,850.0,22.0
200958,Teutleben,3075.0,12.0
200959,Teutleben,3075.0,11.0
200957,Teutleben,3075.0,12.0
Förtha,Gerstungen,1000.0,24.0
Förtha,Gerstungen,1000.0,24.0
HS 04,Hornsömmern,3075.0,12.0
KH 47,Kirchheilingen,2400.0,12.0
KH 48,Kirchheilingen,2400.0,12.0
KH 49,Kirchheilingen,2400.0,12.0
BG 04.1,Blankenburg,2400.0,12.0
BG 08.1,Blankenburg,2400.0,12.0
GR 01,Greußen,2000.0,20.0
GR 02,Greußen,2000.0,20.0
GR 03,Greußen,2000.0,20.0
GR 04,Greußen,2000.0,20.0
GR 05,Greußen,2000.0,20.0
GR 06,Greußen,2000.0,20.0
GR 07,Greußen,2000.0,20.0
GR 08,Greußen,2000.0,20.0
GR 09,Greußen,2000.0,20.0
GR 10,Greußen,2000.0,20.0
GR 11,Greußen,2000.0,20.0
HS 01,Hornsömmern,3075.0,12.0
HS 02,Hornsömmern,3075.0,12.0
HS 03,Hornsömmern,3075.0,12.0
KH 15,Kirchheilingen,2000.0,22.0
WEA 1 - Nr. 78418,Erfurt,2000.0,21.0
WEA 2 - Nr. 78419,Erfurt,2000.0,20.0
WEA 3 - Nr. 78420,Erfurt,2000.0,20.0
WEA 4 - Nr. 78421,Erfurt,2000.0,20.0
WEA 5 - Nr. 78422,Erfurt,2000.0,20.0
WEA 6 - Nr. 78423,Erfurt,2000.0,20.0
WEA 7 - Nr. 78424,Erfurt,2000.0,20.0
WEA 8 - Nr. 78425,Erfurt,2000.0,20.0
WEA 9 - Nr. 78426,Erfurt,2000.0,20.0
WEA 10 - Nr. 78427,Erfurt,2000.0,20.0
WEA 11 - Nr. 78428,Erfurt,2000.0,20.0
17696,Meuselwitz,2000.0,23.0
17697,Meuselwitz,2000.0,23.0
17698,Meuselwitz,2000.0,23.0
17699,Meuselwitz,2000.0,23.0
17700,Meuselwitz,2000.0,23.0
17701,Meuselwitz,2000.0,23.0
17702,Meuselwitz,2000.0,23.0
17703,Meuselwitz,2000.0,23.0
17704,Meuselwitz,2000.0,23.0
17705,Meuselwitz,2000.0,23.0
17706,Meuselwitz,2000.0,23.0
17707,Meuselwitz,2000.0,23.0
E-40_Pontewitz,Dobitschen,500.0,29.0
WP Rauschwitz,Rauschwitz,1500.0,23.0
AS 01,Bad Langensalza,2000.0,14.0
WH 23,Nessetal,3300.0,11.0
HH 14.1,Nessetal,2000.0,15.0
HH 18,Nessetal,2000.0,15.0
WH 20,Nessetal,2000.0,15.0
WH 21,Nessetal,2000.0,15.0
WH 22,Nessetal,2000.0,14.0
TG 02,Hörselberg-Hainich,3300.0,11.0
TG 04,Hörselberg-Hainich,3300.0,11.0
30072,Rittersdorf,200.0,27.0
HH 20,Nessetal,2000.0,15.0
OL 02,Buttstädt,2000.0,14.0
OL 04,Buttstädt,2000.0,14.0
OL 05,Buttstädt,2000.0,14.0
OL 07,Buttstädt,2000.0,14.0
35879 - GV 20,Großvargula,2000.0,15.0
35031 - GV 21,Großvargula,2000.0,15.0
24 WEA Frienstedt I,Erfurt,800.0,12.0
24 WEA Frienstedt II,Erfurt,800.0,12.0
24 WEA Frienstedt III,Erfurt,800.0,12.0
24 WEA Frienstedt IV,Erfurt,800.0,12.0
24 WEA Frienstedt V,Erfurt,800.0,12.0
24 WEA Frienstedt VI,Erfurt,800.0,12.0
24 WEA Frienstedt VII,Erfurt,800.0,12.0
Großvargula 01,Tonna,1500.0,24.0
Großvargula 02,Tonna,1500.0,24.0
Großvargula 03,Tonna,1500.0,24.0
Großvargula 04,Tonna,1500.0,25.0
Großvargula 06,Tonna,1500.0,25.0
Großvargula 07,Tonna,1500.0,25.0
Großvargula 08,Tonna,1500.0,24.0
Großvargula 09,Tonna,1500.0,24.0
Großvargula 10,Tonna,1500.0,24.0
Großvargula 05,Tonna,1500.0,24.0
Großvargula 11,Tonna,1500.0,25.0
Großvargula 12,Tonna,1500.0,24.0
Großvargula 13,Tonna,1500.0,25.0
Großvargula 14,Tonna,1500.0,24.0
Großvargula 15,Tonna,1500.0,24.0
Großvargula 16,Tonna,1500.0,24.0
KL 11,Kutzleben,3075.0,11.0
KL 12,Kutzleben,3075.0,11.0
KL 13,Kutzleben,3075.0,11.0
KL 14,Kutzleben,3075.0,11.0
OL 03,Buttstädt,2000.0,14.0
OL 06,Buttstädt,2000.0,14.0
OL 09,Buttstädt,2000.0,14.0
OL 08,Buttstädt,2000.0,14.0
OL 01,Buttstädt,2000.0,14.0
Rositz WEA 1,Rositz,1500.0,23.0
Rositz WEA 2,Rositz,1500.0,23.0
Rositz WEA 3,Rositz,1500.0,23.0
Rositz WEA 4,Rositz,1500.0,23.0
Rositz WEA 5,Rositz,1500.0,23.0
Rositz WEA 6,Rositz,1500.0,23.0
Rositz WEA 7,Rositz,1500.0,23.0
Rositz WEA 8,Rositz,1500.0,23.0
Rositz WEA 9,Rositz,1500.0,23.0
WP Tüttleben WKA 1,Tüttleben,1050.0,26.0
WP Tüttleben WKA 2,Tüttleben,1050.0,27.0
OH 02,Weißensee,2000.0,19.0
OH 03,Weißensee,2000.0,19.0
OH 04,Weißensee,2000.0,19.0
OH 05,Weißensee,2000.0,19.0
OH 06,Weißensee,2000.0,19.0
OH 07,Weißensee,2000.0,19.0
OH 08,Weißensee,2000.0,19.0
GV 19,Großvargula,2000.0,15.0
OL 12,Buttstädt,3075.0,12.0
OL 15,Buttstädt,3075.0,12.0
GR 12,Greußen,3075.0,11.0
GR 13,Greußen,3075.0,11.0
OH 01,Weißensee,2000.0,19.0
Frauenprießnitz WEA 17712,Frauenprießnitz,1000.0,24.0
HL 08,Herbsleben,3075.0,12.0
BS 13,Nessetal,3075.0,14.0
BS 15,Nessetal,3075.0,14.0
BS 16,Nessetal,3075.0,14.0
GV 17,Großvargula,2000.0,15.0
HL 07,Herbsleben,2000.0,15.0
HL 10.1,Herbsleben,2000.0,11.0
KH 16,Kirchheilingen,2000.0,16.0
KH 17,Kirchheilingen,2000.0,17.0
KH 18,Kirchheilingen,2000.0,16.0
KH 19,Kirchheilingen,2000.0,16.0
KH 26,Kirchheilingen,2000.0,15.0
KH 30,Kirchheilingen,2000.0,16.0
KH 32,Kirchheilingen,2000.0,16.0
TL 02,Kirchheilingen,2000.0,16.0
KH 46.1,Kirchheilingen,3300.0,11.0
KH 14,Kirchheilingen,1500.0,23.0
Windkraft,Schmölln,600.0,30.0
Windrad Bornhügel 18,Neuhaus,10.0,14.0
BG 02,Kirchheilingen,1500.0,23.0
BG 06,Kirchheilingen,2000.0,13.0
HR 08,Eisenach,900.0,22.0
70257,Nordhausen,1500.0,23.0
HR 04,Eisenach,900.0,22.0
Windkraft,Schwabhausen,1000.0,25.0
Windkraft,Schwabhausen,1800.0,22.0
GL 01,Gangloffsömmern,1500.0,24.0
WKA Berga 1,Berga,500.0,29.0
WKA Berga 2,Berga,600.0,29.0
ABR989919467510,Eisfeld,,13.0
WEA 11 - 70 1269,Büttstedt,1800.0,23.0
WEA 14 - 70 1272,Büttstedt,1800.0,23.0
WEA 15 - 70 1273,Büttstedt,1800.0,23.0
WEA 16 - 70 1274,Büttstedt,1800.0,23.0
WEA 17 - 70 1275,Büttstedt,1800.0,23.0
HR 05,Eisenach,800.0,21.0
WEA 1 - 70 1259,Büttstedt,1800.0,23.0
WEA 7 - 70 1265,Büttstedt,1800.0,23.0
WEA 9 - 70 1267,Büttstedt,1800.0,23.0
WEA 12-70387 MD77,Schkölen,1500.0,23.0
WEA 13-70381 MD77,Schkölen,1500.0,23.0
WEA 14-70365 MD77,Schkölen,1500.0,23.0
WKA Trügleben 1,Trügleben,600.0,27.0
WEA 01-70366 MD77,Schkölen,1500.0,23.0
WEA 02-70363 MD77,Schkölen,1500.0,23.0
WEA 03-70362 MD77,Schkölen,1500.0,23.0
WKA Trügleben 2,Trügleben,600.0,27.0
WEA 04-70298 MD77,Schkölen,1500.0,23.0
WEA 05-70278 MD77,Schkölen,1500.0,23.0
WEA 06-70335 MD77,Schkölen,1500.0,23.0
WEA 07-70358 MD77,Schkölen,1500.0,23.0
WEA 08-70336 MD77,Schkölen,1500.0,23.0
WEA 09-70341 MD77,Schkölen,1500.0,23.0
WKA Trügleben 3 (Vestas),Trügleben,850.0,22.0
WEA 10-70382 MD77,Schkölen,1500.0,23.0
WEA 11-70364 MD77,Schkölen,1500.0,23.0
Windmühle Forstwolfersdorf,Harth-Pöllnitz,25.0,24.0
ADM Windkraft GmbH & Co. Pölzig KG,Pölzig,850.0,23.0
825490,Büttstedt,2300.0,13.0
782138,Effelder,2300.0,17.0
782140,Effelder,2300.0,17.0
784092,Effelder,2300.0,12.0
442344,Rodeberg,600.0,22.0
784091,Rodeberg,2300.0,12.0
E40 40991,Bad Sulza,500.0,29.0
E40 40989,Eckolstädt,500.0,29.0
E40 40988,Bad Sulza,500.0,29.0
E40 40963,Bad Sulza,500.0,29.0
E40 40962,Bad Sulza,500.0,29.0
E40 40965,Eckolstädt,500.0,29.0
E70 70810,Bad Sulza,1800.0,24.0
E70 70809,Bad Sulza,1800.0,24.0
E40 40961,Bad Sulza,500.0,29.0
BACH07,Rastenberg,600.0,26.0
BACH10,Rastenberg,500.0,29.0
BACH08,Rastenberg,500.0,29.0
E 48 800 GBR,Rastenberg,800.0,17.0
E40 40960,Eckolstädt,500.0,29.0
WEA EB,Remptendorf,600.0,33.0
825486,Büttstedt,2300.0,13.0
825487,Büttstedt,2300.0,13.0
825488,Büttstedt,2300.0,13.0
825489,Büttstedt,2300.0,13.0
70303,Gerstungen,1500.0,23.0
V26183,Vacha,2000.0,19.0
Windkraftanlage,Pölzig,3050.0,12.0
V26184,Vacha,2000.0,19.0
V25964,Vacha,2000.0,19.0
Windkraftanlage,Nessetal,2400.0,12.0
Einzelanlage 12036,An der Schmücke,1800.0,22.0
Einzelanlage 12037,An der Schmücke,1800.0,22.0
Einzelanlage 12038,An der Schmücke,1800.0,22.0
WP Tüttleben WKA  4,Tüttleben,1050.0,26.0
Einzelanlage 4642,An der Schmücke,1800.0,22.0
Einzelanlage 12035,An der Schmücke,1800.0,22.0
witz,Rauschwitz,1500.0,24.0
WEA Voigtstedt 44966,Artern,600.0,25.0
WEA Voigtstedt 44967,Artern,600.0,25.0
WEA Voigtstedt 44968,Artern,600.0,25.0
V41577-5,Wundersleben,2000.0,15.0
V41576-7,Wundersleben,2000.0,15.0
WEA 08-70315 MD77,Ebeleben,1500.0,23.0
WEA 09-70314 MD77,Ebeleben,1500.0,23.0
WEA 10-70330 MD77,Ebeleben,1500.0,23.0
WEA 11-70319 MD77,Ebeleben,1500.0,23.0
WEA 13-70334 MD77,Ebeleben,1500.0,23.0
HL 09,Herbsleben,3075.0,12.0
WEA Voigtstedt 44969,Artern,600.0,24.0
WEA Voigtstedt 44970,Artern,600.0,24.0
WEA 03-70332 MD77,Ebeleben,1500.0,23.0
WEA 04-70333 MD77,Ebeleben,1500.0,23.0
WEA 05-70318 MD77,Ebeleben,1500.0,23.0
WEA 07-70317 MD77,Ebeleben,1500.0,23.0
WEA 01-70316 MD77,Ebeleben,1500.0,23.0
782880,Bad Langensalza,2000.0,16.0
782881,Bad Langensalza,2000.0,16.0
782882,Bad Langensalza,2000.0,16.0
VE-01-206089,Starkenberg,3000.0,11.0
781749,Waltershausen,2000.0,18.0
781750,Waltershausen,2000.0,18.0
M700 Frauenprießnitz WEA,Frauenprießnitz,225.0,31.0
KL 02,Kutzleben,2000.0,20.0
KL 06,Kutzleben,2000.0,20.0
KL 07,Kutzleben,2000.0,20.0
KL 08,Kutzleben,2000.0,20.0
KL 09,Kutzleben,2000.0,20.0
KL 10,Kutzleben,2000.0,20.0
70245,Bad Langensalza,1500.0,25.0
70246,Bad Langensalza,1500.0,25.0
70247,Bad Langensalza,1500.0,25.0
70248,Bad Langensalza,1500.0,25.0
70249,Bad Langensalza,1500.0,25.0
70250,Bad Langensalza,1500.0,25.0
Planet energy Windpark Wundersleben GmbH & Co. KG - WEA 6,Wundersleben,2000.0,15.0
Planet energy Windpark Wundersleben GmbH & Co. KG - WEA 3,Wundersleben,2000.0,15.0
Planet energy Windpark Wundersleben GmbH & Co. KG - WEA 4,Wundersleben,2000.0,15.0
WEA Ringleben,Ringleben,500.0,29.0
WKA Heukewalde,Heukewalde,600.0,31.0
66069,Kleinfurra,1500.0,28.0
66070,Kleinfurra,1500.0,28.0
66071,Kleinfurra,1500.0,28.0
66072,Kleinfurra,1500.0,27.0
66073,Kleinfurra,1500.0,27.0
Windkraft Nickelsdorf,Crossen,600.0,29.0
V 18816-07,Großenehrich,2000.0,22.0
V 18817-08,Großenehrich,2000.0,22.0
V 18818-09,Großenehrich,2000.0,22.0
V 18819-10,Großenehrich,2000.0,22.0
V 18820-11,Großenehrich,2000.0,22.0
V 18812-03,Großenehrich,2000.0,22.0
V 18813-04,Großenehrich,2000.0,22.0
V 18814-05,Großenehrich,2000.0,22.0
V 18815-06,Großenehrich,2000.0,22.0
62,Frauenprießnitz,850.0,25.0
63,Frauenprießnitz,850.0,25.0
V 18811-02,Großenehrich,2000.0,22.0
V 18810-01,Großenehrich,2000.0,22.0
HL06,Herbsleben,2000.0,22.0
Martinroda 2,Vacha,600.0,28.0
Martinroda 3,Vacha,750.0,25.0
Martinroda 1,Vacha,600.0,28.0
AN-1300-916-12,Bad Sulza,1300.0,23.0
WKA Gera-Cretzschwitz,Gera,2350.0,11.0
Voigtstedt 02,Artern,2000.0,19.0
Voigtstedt 03,Artern,2000.0,19.0
Voigtstedt 04,Artern,800.0,19.0
Voigtstedt 05,Artern,800.0,20.0
Windkraftanlage MS,Gerstungen,600.0,27.0
E 822655-01,Sondershausen,2300.0,16.0
E 822656-02,Sondershausen,2300.0,16.0
E 822657-03,Sondershausen,2300.0,16.0
E 531200-04,Geisleden,800.0,16.0
E 531201-05,Geisleden,800.0,16.0
E 531202-06,Geisleden,800.0,16.0
E 531203-07,Geisleden,800.0,16.0
E 531197-01,Geisleden,800.0,16.0
E 531198-02,Geisleden,800.0,16.0
E 531199-03,Geisleden,800.0,16.0
WP Nitzschka  - AN Bonus 600,Schmölln,600.0,30.0
HL 05,Herbsleben,1500.0,24.0
HL 01,Herbsleben,1500.0,24.0
HL 02,Herbsleben,1500.0,24.0
HL 03,Herbsleben,1500.0,24.0
70835,Tanna,1800.0,24.0
70836,Tanna,1800.0,24.0
70837,Tanna,1800.0,24.0
70838,Tanna,1800.0,24.0
70839,Tanna,1800.0,24.0
E-822273,Bad Langensalza,2000.0,16.0
E-822274,Bad Langensalza,2000.0,16.0
E-822275,Bad Langensalza,2000.0,16.0
E 825789-01,Hainrode,2300.0,12.0
E 825790-02,Hainrode,2300.0,12.0
701260,Büttstedt,1800.0,23.0
701261,Büttstedt,1800.0,23.0
701262,Büttstedt,1800.0,23.0
701263,Büttstedt,1800.0,23.0
701264,Büttstedt,1800.0,23.0
701266,Büttstedt,1800.0,23.0
701268,Büttstedt,1800.0,23.0
701270,Büttstedt,1800.0,23.0
701271,Büttstedt,1800.0,23.0
701276,Anrode,1800.0,23.0
701277,Rodeberg,1800.0,23.0
702149,Anrode,1800.0,22.0
70834,Tanna,1800.0,24.0
702176,Tanna,2000.0,22.0
782535,Tanna,2300.0,17.0
WEA Kirchheilingen KH51,Kirchheilingen,3075.0,14.0
WEA Kirchheilingen KH52,Kirchheilingen,3075.0,13.0
WEA Kirchheilingen KH55,Kirchheilingen,3075.0,12.0
E 825661-01,Rudolstadt,2300.0,12.0
E 825662-03,Rudolstadt,2300.0,12.0
WKA Korbußen,Korbußen,850.0,25.0
WEA Weimar 01,Bucha,1500.0,24.0
WEA Weimar 02,Bucha,1500.0,24.0
WEA Weimar 03,Bucha,1500.0,24.0
WEA Weimar 04,Bucha,1500.0,24.0
WEA Weimar 05,Bucha,1500.0,24.0
WEA Weimar 06 (70129),Bucha,1500.0,24.0
WEA Weimar 08 (70131),Bucha,1500.0,24.0
WEA Weimar 11,Bucha,1500.0,24.0
WEA 1 GA7595 (ROL13),Rastenberg,2000.0,21.0
WEA 2 ROL12 (GA7593),Rastenberg,2000.0,21.0
WEA 3 GA7592 (ROL11),Rastenberg,2000.0,21.0
WEA 4 ROL09 (GA7594),Rastenberg,2000.0,21.0
WEA 5 GA8997 (ROL08),Rastenberg,2000.0,20.0
WEA 6 ROL10 (GA8998),Rastenberg,2000.0,19.0
Fri 91,Frauenprießnitz,850.0,25.0
Fri93,Frauenprießnitz,850.0,25.0
WEA 27-1,Thierschneck,2400.0,12.0
Tüngeda 01,Hörselberg-Hainich,3300.0,11.0
Olbersleben 13.1,Olbersleben,3075.0,12.0
WEA 28-2,Schkölen,2400.0,13.0
WEA 29-3,Schkölen,2400.0,13.0
WEA30-4,Schkölen,2400.0,13.0
WEA 31-5,Schkölen,2400.0,13.0
WEA 32-6,Schkölen,2400.0,13.0
WEA 33-7,Schkölen,2400.0,13.0
WEA 34-8,Schkölen,2400.0,13.0
WEA 4,Rauschwitz,2050.0,15.0
WEA 5,Rauschwitz,2050.0,15.0
HH 53,Nessetal,2400.0,12.0
WEA 3,Hörselberg-Hainich,3450.0,11.0
WEA 6,Hörselberg-Hainich,3450.0,11.0
WEA 5,Schkölen,2500.0,13.0
WEA 6,Schkölen,2500.0,13.0
WEA 10,Heideland,2500.0,13.0
WEA 8,Schkölen,2500.0,13.0
WEA 9,Heideland,2500.0,13.0
WEA 7,Heideland,2500.0,13.0
HH 05,Nessetal,1500.0,26.0
822847,Nordhausen,2000.0,16.0
HH 06,Hochheim,1500.0,26.0
WEA441261,Sondershausen,600.0,24.0
WEA70726,Sondershausen,1800.0,24.0
WEA825845,Sondershausen,2300.0,12.0
WEA825846,Sondershausen,2300.0,12.0
WEA825842,Sondershausen,2300.0,12.0
GE 15400062-09,Wangenheim,1500.0,26.0
GE 15400063-10,Wangenheim,1500.0,26.0
HH04 GE 15400078-17,Nessetal,1500.0,26.0
GE 15400084-04,Ebenheim,1500.0,27.0
GE 15400085-05,Sonneborn,1500.0,27.0
GE 15400091-11,Sonneborn,1500.0,26.0
GE 15400093-13,Sonneborn,1500.0,26.0
GE 15400094-08,Sonneborn,1500.0,27.0
WEA825843,Sondershausen,2300.0,12.0
WEA825844,Sondershausen,2300.0,12.0
WEA Wüllersleben,Bösleben-Wüllersleben,800.0,20.0
WEA Wüllersleben,Bösleben-Wüllersleben,800.0,20.0
WEA Wüllersleben,Bösleben-Wüllersleben,800.0,20.0
WEA Wüllersleben,Bösleben-Wüllersleben,800.0,20.0
WEA Wüllersleben,Bösleben-Wüllersleben,800.0,20.0
WEA Wüllersleben,Bösleben-Wüllersleben,800.0,20.0
WEA Wüllersleben,Bösleben-Wüllersleben,800.0,20.0
WEA Wüllersleben,Bösleben-Wüllersleben,800.0,20.0
HR09,Hörselberg-Hainich,1500.0,14.0
WK-TAN10,Tanna,3050.0,12.0
WEA 6,Rauschwitz,3000.0,12.0
WEA 11,Heideland,2500.0,11.0
WEA 4,Nordhausen,2000.0,20.0
WEA 02,Rauschwitz,1500.0,23.0
WEA 1,Ponitz,1500.0,22.0
WEA 2,Ponitz,1500.0,22.0
WKH Hochheim - HH 47,Nessetal,2400.0,12.0
WKH Hochheim - HH 49,Nessetal,2400.0,12.0
WKH Hochheim - HH 50,Nessetal,2400.0,12.0
WKH Hochheim - HH 51,Nessetal,2400.0,12.0
WKH Hochheim - HH 52,Nessetal,2400.0,12.0
EW Projekt WEA1 Dingelstädt,Dingelstädt,2300.0,12.0
EW Projekt WEA 2,Dingelstädt,2300.0,12.0
HR14,Hörselberg-Hainich,1500.0,14.0
HR11,Hörselberg-Hainich,1500.0,14.0
300592,Pölzig,3170.0,12.0
Windpark_Hottelstedt_WEA_1,Ballstedt,1300.0,26.0
300593,Pölzig,3170.0,12.0
Windpark_Hottelstedt_WEA_2,Ballstedt,1300.0,26.0
Windpark_Hottelstedt_WEA_3,Ballstedt,1300.0,26.0
Windpark_Hottelstedt_WEA_4,Ballstedt,1300.0,26.0
Menteroda-F,Menteroda,600.0,24.0
WKA 1 p,Schmölln,600.0,30.0
V 43746-03,Rastenberg,2000.0,13.0
V 43747-04,Rastenberg,2000.0,13.0
V 43748-05,Ostramondra,2000.0,13.0
V 43749-06,Ostramondra,2000.0,13.0
V 43750-07,Buttstädt,2000.0,13.0
V 43751-08,Buttstädt,2000.0,13.0
V 43752-09,Buttstädt,2000.0,13.0
V 43753-10,Buttstädt,2000.0,13.0
V 43754-11,Rastenberg,2000.0,13.0
V 43755-12,Ostramondra,2000.0,13.0
V 202167-13,Rastenberg,3075.0,13.0
V 202168-14,Ostramondra,3075.0,13.0
V 202169-15,Buttstädt,3075.0,13.0
V 43744-01,Rastenberg,2000.0,12.0
V 43745-02,Rastenberg,2000.0,12.0
WKA 2 p,Schmölln,600.0,30.0
Kirchheilingen 54,Kirchheilingen,2300.0,12.0
Windpark Mihla M2,Mihla,3050.0,11.0
Windpark Mihla M3,Mihla,3050.0,11.0
Windpark Mihla M4,Mihla,3050.0,11.0
Windpark Mihla M6,Mihla,3050.0,11.0
Windpark Mihla M1,Mihla,3050.0,11.0
WEA Forstwolfersdorf,Harth-Pöllnitz,1500.0,23.0
WEA1 (Seriennummer 44469),Teutleben,3075.0,13.0
WEA2 (Seriennummer 44470),Teutleben,3075.0,13.0
WEA3 (Seriennummer 44471),Teutleben,3075.0,13.0
WEA4 (Seriennummer 44472),Teutleben,3075.0,13.0
WEA5 (Seriennummer 44473),Teutleben,3075.0,13.0
WEA E-40 Heukewalde,Heukewalde,500.0,31.0
ABR999703405789,Unterbreizbach,2000.0,17.0
ABR940034033080,Krayenberggemeinde,2000.0,16.0
ABR930429002609,Krayenberggemeinde,2000.0,16.0
WEA 1,Mehna,1500.0,22.0
WEA 6,Ponitz,2050.0,15.0
WEA 7,Ponitz,2050.0,15.0
WEA 8,Ponitz,2050.0,15.0
WEA 9,Ponitz,2050.0,15.0
WEA10,Ponitz,2050.0,15.0
25000,Vacha,2000.0,20.0
HR12,Hörselberg-Hainich,1500.0,14.0
HR13,Hörselberg-Hainich,1500.0,14.0
HR10,Hörselberg-Hainich,1500.0,14.0
Tanna 2,Tanna,2350.0,12.0
HR06,Krauthausen,800.0,21.0
OL 11,Buttstädt,3075.0,12.0
MHL01_0116,Eisenach,2500.0,12.0
WEA 1,Frauenprießnitz,750.0,25.0
WEA 2,Frauenprießnitz,750.0,25.0
AN-1300-136-01,Schwabhausen,1300.0,26.0
AN-1300-186-02,Schwabhausen,1300.0,26.0
AN-1300-178-03,Schwabhausen,1300.0,26.0
AN-1300-187-04,Schwabhausen,1300.0,26.0
WEA 5,Starkenberg,2300.0,13.0
"Windpark Kraasa WEA 3, 825639",Starkenberg,2300.0,13.0
"Windpark Kraasa WEA 4, 825640",Starkenberg,2300.0,13.0
HR07,Hörselberg-Hainich,600.0,27.0
HR15,Hörselberg-Hainich,600.0,27.0
HR16,Hörselberg-Hainich,600.0,27.0
HR17,Hörselberg-Hainich,600.0,27.0
TR824940,Rudolstadt,2300.0,14.0
TR824939,Rudolstadt,2300.0,14.0
WEA 10,Bucha,2500.0,14.0
WEA-HEISS 01,Olbersleben,2350.0,12.0
825847,Sondershausen,2300.0,12.0
WKA 6,Reinholterode,2300.0,15.0
WKA 5,Reinholterode,1800.0,23.0
OL 10,Buttstädt,3075.0,13.0
